,읍면동명,자치구,선거인수,새누리당,민주통합당,통합진보당,독거노인수,유년부양비,노년부양비,노령화지수,사업체수,종사자수,사업체 창업률,기초수급자인원수,보육시설,금융기관,사업체 평균연령,장애등급별 장애인현황
0,신사동,강남구,"16,599","5,826","2,436",,361,16.2,15.1,92.8,"4,423","26,400",18.5,128,,,6.167000000000002,415.0
1,논현1동,강남구,"23,621","4,764","4,152",,443,8.4,9.6,113.8,"5,049","37,939",16.3,356,,,6.917000000000002,692.0
2,논현2동,강남구,"19,307","5,199","3,338",,354,13.0,12.3,94.6,"5,086","53,983",14.8,319,,,7.417000000000002,555.0
3,압구정동,강남구,"23,307","10,132","2,406",,619,21.2,17.4,82.1,"3,983","26,298",18.3,48,,,6.667000000000002,519.0
4,청담동,강남구,"25,247","8,772","3,878",,463,17.4,12.6,72.3,"3,672","37,003",17.1,210,,,7.25,673.0
5,삼성1동,강남구,"12,513","4,550","1,982",,225,16.0,12.4,77.6,"3,657","57,706",13.2,107,,,8.833,367.0
6,삼성2동,강남구,"25,495","7,897","4,624",,421,19.5,10.0,51.1,"3,054","30,856",16.9,324,,,7.5,670.0
7,역삼1동,강남구,"31,451","6,115","5,560",,533,8.2,8.9,108.4,"11,473","133,384",18.3,415,,,6.999,824.0
8,역삼2동,강남구,"26,460","8,076","4,932",,451,21.8,9.9,45.3,"2,799","37,603",17.3,343,,,7.667000000000002,707.0
9,도곡1동,강남구,"18,047","6,872","3,583",,342,17.1,10.8,63.2,"1,426","13,664",14.8,83,,,7.582999999999998,452.0
10,도곡2동,강남구,"25,888","11,890","3,252",,409,21.0,11.4,54.1,"1,698","16,951",12.5,37,,,7.667000000000002,499.0
11,대치1동,강남구,"14,032","6,916","2,077",,146,23.3,8.8,37.8,"1,040","6,289",16.5,18,,,7.0,250.0
12,대치2동,강남구,"31,950","13,915","6,028",,431,15.8,8.9,56.5,"3,200","48,576",13.7,141,,,8.75,750.0
13,대치4동,강남구,"17,748","4,454","3,664",,298,11.3,8.3,73.6,"3,272","31,940",18.7,229,,,6.167000000000002,426.0
14,개포1동,강남구,"18,502","6,878","4,436",,541,13.4,12.2,91.0,448,"1,291",8.5,483,,,11.25,685.0
15,개포2동,강남구,"26,374","9,177","6,951",,471,18.0,8.4,46.5,"1,047","3,810",13.9,292,,,9.167,811.0
16,개포4동,강남구,"18,800","5,424","4,559",,358,16.8,9.8,58.2,"3,307","13,458",9.4,450,,,9.833,669.0
17,일원본동,강남구,"17,255","6,988","4,130",,300,21.6,8.5,39.4,481,"8,005",9.8,51,,,9.999,584.0
18,일원1동,강남구,"15,235","4,264","4,299",,493,14.5,14.2,98.3,868,"4,248",12.3,"1,285",,,8.0,1107.0
19,일원2동,강남구,"15,128","5,146","4,262",,455,16.4,11.7,71.0,573,"5,505",12.2,957,,,9.667,1180.0
20,수서동,강남구,"14,803","4,510","4,031",,785,10.4,20.5,196.6,"1,492","14,416",12.4,"2,853",,,8.083,2051.0
21,세곡동,강남구,"8,733","2,904","2,136",,252,26.1,20.1,77.0,400,"1,881",15.3,"1,756",,,9.083,754.0
22,강일동,강동구,"24,432","6,402","7,563",,329,30.4,13.8,45.5,603,"10,962",18.1,970,,,8.25,1545.0
23,상일동,강동구,"21,782","6,735","5,444",,412,16.4,10.0,60.7,"1,237","5,238",11.3,184,,,12.25,991.0
24,명일1동,강동구,"21,858","7,119","5,508",,467,19.9,10.9,54.7,"1,650","4,937",14.4,250,,,8.167,843.0
25,명일2동,강동구,"14,539","5,649","3,526",,201,16.6,9.4,56.5,"1,265","4,869",17.0,136,,,7.334,494.0
26,고덕1동,강동구,"15,521","4,329","4,012",,330,21.8,10.8,49.4,577,"1,878",8.0,231,,,12.334,575.0
27,고덕2동,강동구,"14,539","3,802","3,566",,423,14.6,12.2,83.4,"1,927","3,795",3.3,475,,,20.417,923.0
28,암사1동,강동구,"31,356","7,458","7,920",,821,16.5,12.5,75.6,"1,947","4,984",15.4,"1,345",,,9.083,1617.0
29,암사2동,강동구,"12,637","3,412","3,829",,824,22.8,10.7,47.1,784,"3,170",12.0,88,,,9.25,496.0
30,암사3동,강동구,"14,386","5,020","4,019",,232,23.5,10.0,42.3,575,"2,019",7.8,83,,,10.667,572.0
31,길동,강동구,"41,419","10,310","10,470",,508,15.7,11.5,73.4,"3,868","18,786",15.3,895,,,8.417,1950.0
32,천호1동,강동구,"25,605","5,686","6,832",,194,14.7,13.2,89.5,"1,555","5,296",13.4,862,,,9.917,1371.0
33,천호2동,강동구,"31,406","6,563","8,309",,186,14.0,13.7,98.0,"3,404","13,651",16.2,"1,299",,,8.167,1847.0
34,천호3동,강동구,"22,827","4,972","6,021",,692,11.8,13.9,117.6,"1,862","6,456",14.7,960,,,8.833,1338.0
35,성내1동,강동구,"15,746","4,039","4,898",,"1,023",19.5,11.4,58.2,"2,137","14,744",13.7,170,,,8.5,588.0
36,성내2동,강동구,"22,559","4,940","6,552",,760,12.7,13.2,104.1,"1,954","7,849",17.0,667,,,7.999,1151.0
37,성내3동,강동구,"20,445","4,598","6,019",,255,15.4,11.4,74.1,"2,372","10,355",14.1,357,,,7.75,890.0
38,둔촌1동,강동구,"15,211","5,102","4,243",,665,15.9,7.9,49.6,402,"1,390",9.7,77,,,12.417,455.0
39,둔촌2동,강동구,"23,225","6,186","6,928",,453,17.4,11.4,65.4,"1,575","9,051",13.8,445,,,8.999,1003.0
40,번1동,강북구,"17,294","3,430","4,539",,604,13.6,16.0,117.8,"1,797","8,763",16.4,717,,,7.334,944.0
41,번2동,강북구,"16,259","3,484","4,636",,617,16.1,19.4,120.3,669,"3,665",10.8,"1,303",,,9.75,1355.0
42,수유1동,강북구,"19,310","4,152","4,990",,762,14.4,17.7,123.1,"1,601","5,376",11.9,"1,113",,,9.083,1181.0
43,수유2동,강북구,"19,189","4,991","5,423",,676,15.1,20.1,132.9,"1,340","3,853",14.9,928,,,8.417,1069.0
44,수유3동,강북구,"20,317","4,424","5,210",,767,12.2,17.6,144.6,"2,484","8,736",18.7,895,,,6.667000000000002,1143.0
45,우이동,강북구,"17,829","4,426","4,472",,671,15.7,21.7,138.1,979,"3,511",13.5,807,,,9.25,982.0
46,인수동,강북구,"27,638","6,283","7,073",,"1,100",15.2,19.8,130.5,"1,623","5,956",11.8,"1,636",,,8.917,1669.0
47,삼양동,강북구,"25,676","5,135","6,654",,990,18.2,16.8,92.7,"1,255","3,305",15.5,"1,491",,,8.5,1641.0
48,미아동,강북구,"20,050","4,366","5,497",,739,12.4,16.3,131.5,"1,952","6,044",14.7,744,,,7.25,1118.0
49,송중동,강북구,"29,001","6,041","7,505",,941,14.0,17.3,123.8,"1,994","7,986",13.0,948,,,7.5,1598.0
50,송천동,강북구,"26,888","5,684","7,165",,"1,184",13.2,18.4,138.8,"2,246","7,511",12.1,"1,189",,,8.917,1662.0
51,삼각산동,강북구,"24,703","5,918","7,695",,505,28.7,11.9,41.3,730,"2,165",18.2,"1,084",,,7.167000000000002,1237.0
52,번3동,강북구,"17,311","3,994","5,212",,607,17.8,22.5,126.0,815,"2,637",9.9,"2,184",,,9.334,2042.0
53,등촌2동,강서구,"17,590","4,910","4,600",,309,16.0,11.0,68.7,734,"3,051",13.1,262,,,10.167,718.0
54,화곡본동,강서구,"29,021","5,112","7,865",,605,19.4,10.9,56.3,"1,377","3,881",14.7,"1,189",,,9.5,1455.0
55,화곡1동,강서구,"42,481","8,336","10,625",,901,13.3,12.5,93.7,"3,016","8,280",14.1,"1,081",,,8.083,2127.0
56,화곡2동,강서구,"16,162","3,166","4,051",,350,19.9,11.9,60.0,863,"2,388",13.6,560,,,9.167,809.0
57,화곡3동,강서구,"19,644","5,647","4,713",,391,14.6,13.3,91.2,"1,196","4,492",15.6,361,,,7.832999999999998,870.0
58,화곡4동,강서구,"18,646","3,715","4,627",,493,15.7,12.5,79.7,"1,471","3,891",15.9,560,,,8.167,944.0
59,화곡6동,강서구,"19,997","5,156","5,087",,439,16.7,11.6,69.8,"1,773","10,913",18.2,536,,,7.5,995.0
60,화곡8동,강서구,"22,408","4,323","5,952",,515,16.8,12.7,75.6,"1,216","3,127",14.2,594,,,8.5,1057.0
61,우장산동,강서구,"30,047","8,221","7,973",,535,21.6,10.4,48.1,"1,621","6,050",16.0,321,,,8.5,1207.0
62,발산1동,강서구,"23,792","5,739","6,766",,463,25.3,10.6,41.9,"2,114","10,463",11.6,848,,,8.417,1314.0
63,염창동,강서구,"31,290","9,398","10,096",,453,24.6,9.2,37.4,"2,156","15,540",11.2,129,,,9.25,1221.0
64,등촌1동,강서구,"17,501","4,756","4,928",,486,16.3,11.4,70.2,"1,679","9,851",15.1,174,,,8.417,770.0
65,등촌3동,강서구,"29,635","8,449","8,634",,"1,236",16.5,15.3,92.9,"2,225","17,135",12.1,"5,271",,,8.917,3678.0
66,가양1동,강서구,"16,020","4,914","4,677",,256,19.0,10.4,54.9,"1,037","6,086",10.1,141,,,10.5,653.0
67,가양2동,강서구,"15,685","4,534","4,225",,716,8.8,17.9,203.3,629,"2,961",14.6,"2,673",,,8.917,2291.0
68,가양3동,강서구,"15,621","4,141","4,676",,622,14.7,17.2,117.2,777,"6,091",9.8,"1,890",,,11.5,1640.0
69,공항동,강서구,"17,664","4,073","4,050",,618,14.3,13.9,97.2,"1,835","31,699",14.4,618,,,8.167,983.0
70,방화1동,강서구,"24,316","7,093","6,343",,616,18.9,13.3,70.3,"1,927","6,850",13.2,585,,,9.167,1269.0
71,방화2동,강서구,"21,323","5,899","5,269",,"3,146",15.3,16.7,109.3,"3,106","12,130",7.8,"1,116",,,14.167,1548.0
72,방화3동,강서구,"22,473","6,399","6,556",,841,16.8,15.9,94.5,844,"3,904",9.2,"1,692",,,12.083,1969.0
73,보라매동,관악구,"22,100",,"5,732",,693,13.6,14.0,102.9,"1,280","4,477",15.5,710,,,7.417000000000002,0.0
74,은천동,관악구,"29,415",,"7,906",,771,18.0,14.0,77.8,"1,633","7,599",13.5,"1,051",,,8.25,0.0
75,성현동,관악구,"27,069",,"7,237",,800,21.9,16.2,74.1,857,"2,495",11.7,"1,167",,,8.5,0.0
76,중앙동,관악구,"12,783",,"3,416",,454,11.0,15.2,138.3,"1,443","4,363",10.9,284,,,10.417,0.0
77,청림동,관악구,"13,425",,"3,990",,463,21.7,14.9,68.6,393,998,13.5,439,,,7.832999999999998,0.0
78,행운동,관악구,"25,982",,"7,052",,742,11.1,12.7,113.7,"1,435","4,895",15.7,768,,,7.75,0.0
79,청룡동,관악구,"28,810",,"7,772",,845,10.9,12.6,115.4,"1,986","11,677",15.7,479,,,8.167,0.0
80,낙성대동,관악구,"15,212",,"4,332",,410,12.2,10.7,87.9,"1,242","8,242",15.1,267,,,7.334,0.0
81,인헌동,관악구,"23,650",,"6,352",,537,15.6,12.8,82.5,"1,123","4,316",12.7,305,,,8.25,0.0
82,남현동,관악구,"15,105",,"3,900",,346,13.6,12.6,92.8,795,"5,538",14.5,130,,,8.334,0.0
83,신림동,관악구,"17,421",,"4,406",,378,5.4,7.2,133.6,"1,752","6,754",20.8,316,,,6.25,0.0
84,신사동,관악구,"20,923","3,501",,"3,951",607,12.4,11.7,94.5,"1,498","4,940",17.6,661,,,7.167000000000002,0.0
85,조원동,관악구,"15,663","2,864",,"2,836",498,11.4,12.9,113.7,"2,176","6,979",12.9,330,,,7.999,0.0
86,미성동,관악구,"27,925","5,802",,"4,787",736,15.1,13.1,86.9,"1,612","6,761",12.0,895,,,8.667,0.0
87,난곡동,관악구,"25,340","4,525",,"4,053",860,15.5,15.6,100.2,936,"2,327",10.9,"1,242",,,9.917,0.0
88,난향동,관악구,"13,839","2,456",,"2,716",409,22.9,14.2,62.0,379,"1,642",11.3,427,,,8.417,0.0
89,서원동,관악구,"20,875","3,164",,"4,858",474,9.8,11.9,121.0,"1,267","7,033",19.1,502,,,6.999,0.0
90,신원동,관악구,"16,806","2,955",,"3,242",581,12.0,15.4,128.9,887,"2,385",14.0,607,,,8.334,0.0
91,서림동,관악구,"21,459","3,532",,"5,228",532,9.7,12.1,124.9,844,"2,654",14.1,532,,,8.417,0.0
92,삼성동,관악구,"24,601","4,691",,"4,929","1,065",14.3,19.3,135.1,"1,160","2,600",9.4,"1,009",,,10.334,0.0
93,대학동,관악구,"20,526","2,995",,"5,575",424,8.4,9.8,117.3,"1,596","10,394",18.9,476,,,6.582999999999998,0.0
94,중곡1동,광진구,"14,070","3,091","4,192",,365,12.4,13.1,105.1,"1,631","6,112",11.0,444,,,8.0,695.0
95,중곡2동,광진구,"18,556","4,228","5,425",,405,15.0,11.8,78.5,"1,725","6,034",16.1,622,,,7.082999999999998,895.0
96,중곡3동,광진구,"15,410","3,511","4,370",,401,14.5,12.8,88.6,"1,374","4,205",15.4,704,,,7.75,807.0
97,중곡4동,광진구,"25,624","6,439","7,575",,652,15.5,13.0,84.3,"1,550","4,804",15.1,"1,079",,,8.0,1319.0
98,능동,광진구,"9,427","2,195","2,836",,242,12.2,13.1,107.8,715,"4,237",9.1,191,,,7.999,405.0
99,구의2동,광진구,"21,460","5,380","6,289",,559,17.7,13.8,77.6,"1,330","4,934",11.6,677,,,8.917,1181.0
100,광장동,광진구,"25,031","8,222","7,259",,457,27.6,10.2,36.9,"1,332","10,149",14.9,124,,,7.667000000000002,771.0
101,군자동,광진구,"17,947","3,848","5,073",,484,11.9,12.5,105.7,"1,627","7,657",14.2,531,,,7.75,828.0
102,구의1동,광진구,"19,037","3,534","5,703",,497,12.2,11.9,97.1,"1,835","6,353",14.1,519,,,7.5,827.0
103,구의3동,광진구,"23,708","6,262","7,241",,473,16.9,11.2,66.0,"2,630","19,257",17.4,249,,,7.0,824.0
104,자양1동,광진구,"20,220","3,552","5,777",,620,12.8,12.0,93.6,"1,705","8,742",13.5,685,,,8.5,941.0
105,자양2동,광진구,"23,178","4,971","6,835",,470,16.8,11.7,69.3,"1,561","7,671",11.5,416,,,8.25,1037.0
106,자양3동,광진구,"24,856","6,424","7,575",,477,19.9,10.6,53.3,"1,316","6,130",12.6,255,,,7.582999999999998,859.0
107,자양4동,광진구,"22,118","3,843","6,119",,714,10.0,12.5,125.0,"2,056","6,816",15.7,692,,,7.917000000000002,1111.0
108,화양동,광진구,"18,808","2,920","5,257",,443,7.1,9.4,132.3,"2,441","14,551",17.7,315,,,6.417000000000002,687.0
109,고척1동,구로구,"20,257","5,464","6,143",,521,18.0,14.0,77.6,"2,476","8,230",8.8,421,,,10.417,1111.0
110,고척2동,구로구,"24,230","5,958","7,657",,672,19.8,13.7,69.2,"1,456","3,888",11.3,734,,,10.083,1334.0
111,개봉1동,구로구,"27,493","6,959","8,293",,789,16.5,14.6,88.4,"1,714","5,350",11.4,912,,,9.583,1521.0
112,개봉2동,구로구,"27,977","7,803","9,162",,571,18.3,13.7,75.0,"1,168","2,601",10.3,592,,,10.167,1339.0
113,개봉3동,구로구,"17,471","4,291","5,225",,307,18.3,14.0,76.4,"1,046","2,610",12.5,587,,,9.999,924.0
114,오류1동,구로구,"17,184","4,647","5,072",,628,15.0,14.9,99.4,"1,122","4,540",12.9,596,,,9.75,1026.0
115,오류2동,구로구,"30,480","8,193","9,734",,659,23.9,14.5,60.8,"1,371","6,233",14.7,955,,,10.417,1849.0
116,수궁동,구로구,"20,349","5,863","5,792",,560,19.2,13.6,70.8,"1,129","5,826",9.1,555,,,11.583,1193.0
117,신도림동,구로구,"29,103","7,280","10,655",,425,22.4,10.4,46.5,"2,490","13,980",11.8,131,,,9.167,1056.0
118,구로1동,구로구,"17,678","3,675","6,883",,274,21.1,8.9,42.0,715,"2,744",9.5,69,,,11.167,586.0
119,구로2동,구로구,"27,280","5,071","7,790",,"1,027",11.6,14.3,122.6,"7,722","26,613",8.4,775,,,10.167,1602.0
120,구로3동,구로구,"23,099","3,328","8,611",,"2,237",15.1,10.2,67.5,"5,592","74,353",16.2,290,,,7.667000000000002,944.0
121,구로4동,구로구,"21,923","3,717","7,293",,769,14.0,13.5,96.7,"1,951","4,957",14.5,662,,,8.75,1310.0
122,구로5동,구로구,"25,502","5,272","8,853",,"3,115",15.5,11.7,75.7,"4,555","26,098",11.2,312,,,11.25,1169.0
123,가리봉동,구로구,"12,409","1,894","3,334",,692,6.5,11.7,181.4,"1,016","2,669",12.6,587,,,10.083,857.0
124,가산동,금천구,"17,197","2,755","4,876",,588,8.3,9.7,117.5,"10,942","132,931",14.0,468,,,7.5,834.0
125,독산1동,금천구,"26,169","4,711","7,375",,693,13.4,12.5,93.3,"3,280","20,363",13.0,"1,258",,,9.167,1707.0
126,독산2동,금천구,"18,715","3,160","4,930",,561,13.8,11.8,85.4,"1,245","3,454",14.9,"1,031",,,8.083,945.0
127,독산3동,금천구,"23,621","4,123","5,908",,744,11.8,12.2,103.2,"2,233","8,752",12.6,942,,,8.083,1278.0
128,독산4동,금천구,"15,629","2,509","4,020",,399,14.0,11.5,82.3,"1,047","3,406",12.0,743,,,8.167,768.0
129,시흥1동,금천구,"28,553","5,422","7,275",,967,14.7,13.8,94.1,"3,087","13,306",13.3,"1,223",,,8.583,1605.0
130,시흥2동,금천구,"19,405","4,225","5,944",,434,22.1,14.8,67.2,534,"1,565",10.7,"1,115",,,9.334,1173.0
131,시흥3동,금천구,"10,375","2,242","2,857",,339,14.6,16.7,113.9,"3,169","9,283",5.7,275,,,10.334,620.0
132,시흥4동,금천구,"19,299","3,553","4,887",,547,16.5,13.6,82.5,908,"2,019",12.0,934,,,8.75,1031.0
133,시흥5동,금천구,"19,405","3,677","4,928",,776,15.8,16.7,105.6,"1,206","3,486",13.9,"1,240",,,8.5,1249.0
134,월계1동,노원구,"19,193","5,359","4,633",,626,16.4,15.8,96.7,"1,387","5,054",11.5,644,,,8.334,1001.0
135,월계2동,노원구,"24,782","6,710","5,822",,"1,109",17.9,17.0,94.7,"1,055","3,651",12.4,"2,749",,,10.083,2216.0
136,월계3동,노원구,"28,453","8,361","7,597",,825,21.4,15.2,70.9,939,"3,549",11.7,"1,642",,,9.999,1987.0
137,공릉1동,노원구,"32,807","8,534","8,211",,930,16.2,13.2,81.7,"2,536","10,716",14.0,"1,789",,,8.083,2231.0
138,공릉2동,노원구,"34,877","10,611","8,709",,686,21.9,10.7,49.1,"1,780","9,436",13.9,626,,,9.0,1564.0
139,상계1동,노원구,"34,528","7,918",,"10,584","1,647",17.7,14.3,80.7,"2,795","8,031",13.1,"1,049",,,10.083,1954.0
140,상계2동,노원구,"18,117","4,194",,"5,248",483,14.9,13.2,88.6,"2,195","8,249",17.1,716,,,6.0,913.0
141,상계3.4동,노원구,"32,152","6,760",,"9,096","1,450",16.6,19.8,118.8,"1,721","4,957",12.3,"2,014",,,9.334,2180.0
142,상계5동,노원구,"19,474","4,104",,"5,776",631,16.3,15.3,93.9,"1,306","2,729",13.1,"1,284",,,7.917000000000002,1106.0
143,상계8동,노원구,"19,488","4,100",,"7,448",396,28.8,10.6,36.9,590,"1,965",12.2,158,,,9.583,804.0
144,상계9동,노원구,"18,625","4,151",,"6,670",482,22.7,11.7,51.5,730,"2,314",12.2,298,,,10.417,777.0
145,상계10동,노원구,"16,092","3,610",,"5,516",393,19.2,10.9,56.9,460,"1,757",9.6,298,,,10.167,592.0
146,하계1동,노원구,"23,661","7,331","6,635",,869,15.8,13.2,83.7,891,"6,891",12.0,"2,539",,,8.917,2142.0
147,하계2동,노원구,"19,190","5,550","5,961",,502,21.3,11.9,55.6,370,"1,169",11.4,"1,005",,,11.083,1084.0
148,중계본동,노원구,"21,294","6,613","5,967",,495,21.7,10.1,46.5,"1,167","4,561",17.0,438,,,7.582999999999998,994.0
149,중계1동,노원구,"20,579","6,400","6,445",,401,25.2,8.2,32.5,895,"3,728",13.2,607,,,8.083,840.0
150,중계2.3동,노원구,"32,696","8,775","10,068",,"1,256",20.2,17.5,86.5,"1,161","5,049",14.4,"4,120",,,8.334,3310.0
151,중계4동,노원구,"17,584","4,965","5,302",,614,18.4,15.2,83.0,994,"3,618",16.6,"1,378",,,7.0,1343.0
152,상계6.7동,노원구,"28,294","7,581","8,838",,884,22.0,12.1,54.9,"1,892","14,903",15.2,734,,,8.917,1261.0
153,쌍문1동,도봉구,"17,881","3,895","5,200",,261,16.4,18.1,110.5,921,"3,734",11.3,872,,,8.25,1009.0
154,쌍문3동,도봉구,"15,380","3,076","4,638",,464,15.5,17.0,109.7,910,"3,293",12.6,464,,,7.082999999999998,795.0
155,창1동,도봉구,"22,304","4,858","7,691",,638,19.1,14.8,77.4,"1,062","3,207",10.6,369,,,7.5,1064.0
156,창2동,도봉구,"25,078","4,975","7,632",,592,18.0,13.7,76.2,"1,328","4,135",12.7,889,,,8.167,1205.0
157,창3동,도봉구,"12,750","2,449","3,628",,425,16.5,15.8,95.6,945,"1,886",14.4,813,,,7.334,713.0
158,창4동,도봉구,"23,521","5,701","8,319",,479,20.9,12.9,61.9,"1,138","6,659",13.0,275,,,7.75,1007.0
159,창5동,도봉구,"22,188","5,473","7,097",,308,17.1,13.3,77.8,"2,115","6,557",11.3,351,,,6.917000000000002,993.0
160,쌍문2동,도봉구,"17,582","4,182","4,765",,421,15.7,15.9,101.2,"1,210","3,838",12.0,798,,,7.5,952.0
161,쌍문4동,도봉구,"16,764","4,740","4,979",,375,18.4,12.0,64.9,584,"1,880",14.9,184,,,7.917000000000002,637.0
162,방학1동,도봉구,"25,796","6,623","7,010",,302,15.4,14.4,93.2,"2,358","10,834",18.2,"1,141",,,6.5,1407.0
163,방학2동,도봉구,"19,191","4,261","5,022",,712,15.8,16.1,102.1,"1,327","3,121",15.4,"1,867",,,7.582999999999998,1120.0
164,방학3동,도봉구,"24,621","6,703","7,499",,438,20.2,13.1,64.9,918,"2,874",11.2,285,,,8.583,1023.0
165,도봉1동,도봉구,"20,805","5,391","5,290",,727,12.5,21.5,172.0,"1,675","5,316",13.9,"1,016",,,8.417,1535.0
166,도봉2동,도봉구,"25,637","7,262","7,758",,530,17.0,18.9,111.1,"1,402","5,486",17.3,745,,,7.75,1512.0
167,용신동,동대문구,"27,372","6,009","6,583",,873,12.7,18.6,146.8,"5,468","27,469",8.9,"1,164",,,9.25,1617.0
168,제기동,동대문구,"23,620","5,672","5,867",,"1,199",12.8,19.2,150.5,"4,722","11,201",7.3,"1,074",,,11.334,1401.0
169,청량리동,동대문구,"20,859","5,850","4,798",,"1,177",12.8,23.0,180.2,"1,731","8,070",9.1,"1,250",,,11.334,1423.0
170,회기동,동대문구,"9,419","2,173","2,392",,184,11.5,12.9,111.9,989,"9,677",18.6,209,,,7.999,381.0
171,휘경1동,동대문구,"14,321","3,126","3,480",,463,11.2,15.3,136.1,"1,045","4,039",13.5,397,,,9.667,746.0
172,휘경2동,동대문구,"20,519","5,119","5,766",,391,17.8,13.7,76.9,"1,099","4,409",7.9,405,,,11.833,852.0
173,이문1동,동대문구,"26,586","5,901","6,656",,880,12.4,14.5,117.5,"1,501","6,039",12.5,900,,,9.917,1321.0
174,이문2동,동대문구,"18,233","4,529","5,258",,341,19.5,15.0,76.6,734,"2,126",9.7,731,,,10.583,983.0
175,전농1동,동대문구,"22,506","5,275","6,180",,"1,290",13.5,20.2,149.3,"2,206","7,911",10.4,"1,410",,,9.5,1579.0
176,전농2동,동대문구,"16,874","4,756","5,427",,428,19.3,16.8,86.8,782,"4,213",11.9,582,,,12.583,946.0
177,답십리1동,동대문구,"16,627","4,008","4,824",,590,16.1,17.2,107.0,"2,098","9,558",8.7,630,,,12.5,958.0
178,답십리2동,동대문구,"25,608","6,622","8,428",,817,18.5,16.5,89.0,"1,854","5,342",9.9,969,,,10.999,1564.0
179,장안1동,동대문구,"30,317","7,689","9,142",,774,15.9,13.4,84.4,"4,543","21,258",9.1,903,,,9.167,1516.0
180,장안2동,동대문구,"25,935","6,736","8,033",,399,19.3,13.6,70.7,"3,109","11,085",14.0,721,,,8.25,1297.0
181,노량진1동,동작구,"28,015","7,535","9,021",,"1,325",16.4,16.3,99.4,"2,881","10,811",9.6,570,,,12.5,1342.0
182,노량진2동,동작구,"13,661","3,105","3,898",,536,10.7,16.1,150.9,"1,060","5,119",13.9,538,,,9.417,695.0
183,상도2동,동작구,"21,057","5,599","6,282",,236,17.2,15.6,90.5,"1,281","4,346",12.3,378,,,9.833,1002.0
184,상도3동,동작구,"20,378","4,627","6,634",,451,15.8,16.6,104.7,992,"2,748",12.8,637,,,10.583,1130.0
185,상도4동,동작구,"24,075","5,408","7,235",,663,16.6,15.4,92.9,"1,021","2,694",10.1,794,,,11.334,1314.0
186,대방동,동작구,"31,117","8,230","10,110",,814,19.4,13.2,67.9,"1,653","12,649",11.3,"1,072",,,9.917,1644.0
187,신대방1동,동작구,"20,457","5,418","6,711",,497,18.1,12.2,67.3,"1,018","3,975",16.6,302,,,8.917,871.0
188,신대방2동,동작구,"16,450","4,141","5,181",,417,20.0,14.3,71.8,"1,263","19,901",12.4,327,,,8.75,775.0
189,상도1동,동작구,"32,531","9,746","8,394",,813,15.7,13.8,88.5,"1,670","6,517",14.3,839,,,9.083,1529.0
190,흑석동,동작구,"27,711","8,343","6,461",,"1,084",14.3,17.2,120.0,"1,619","9,261",14.7,575,,,10.167,1388.0
191,사당1동,동작구,"20,237","5,152","5,593",,487,10.5,12.4,118.3,"1,808","8,482",13.8,366,,,8.25,810.0
192,사당2동,동작구,"24,678","7,774","6,426",,402,14.9,15.5,103.8,"1,553","5,488",15.1,380,,,8.334,936.0
193,사당3동,동작구,"21,421","7,039","5,389",,517,16.2,15.1,93.4,"1,011","4,444",9.4,237,,,11.0,840.0
194,사당4동,동작구,"12,620","3,490","3,518",,355,14.4,15.3,106.6,698,"1,672",11.3,303,,,9.334,588.0
195,사당5동,동작구,"12,495","3,478","3,578",,378,17.4,13.9,80.2,494,"1,521",9.9,255,,,9.75,567.0
196,공덕동,마포구,"30,111","6,719","9,014",,"1,182",15.1,16.9,112.1,"2,536","17,164",11.3,783,,,9.25,1595.0
197,아현동,마포구,"15,733","4,011","4,636",,540,14.9,16.2,108.1,"1,741","12,526",11.2,472,,,8.667,719.0
198,도화동,마포구,"18,993","5,484","5,957",,601,18.3,17.9,98.2,"1,879","14,457",13.6,387,,,8.583,840.0
199,용강동,마포구,"15,210","4,107","4,776",,419,21.5,15.0,69.8,"2,398","15,858",13.0,231,,,8.167,549.0
200,대흥동,마포구,"12,752","2,340","3,653",,561,7.8,14.6,187.1,"1,563","16,141",12.5,281,,,8.833,595.0
201,염리동,마포구,"14,869","3,107","4,418",,562,14.3,16.0,112.2,759,"4,257",8.7,316,,,11.0,763.0
202,신수동,마포구,"18,680","4,504","5,912",,495,18.0,15.5,85.7,"1,397","5,375",10.2,253,,,9.917,773.0
203,서강동,마포구,"20,773","4,492","6,148",,465,16.1,11.8,73.2,"1,351","10,411",17.6,215,,,7.082999999999998,714.0
204,서교동,마포구,"24,545","4,495","7,013",,600,10.1,13.0,128.8,"8,003","51,978",20.5,279,,,6.0,811.0
205,합정동,마포구,"17,020","3,331","4,949",,487,15.5,13.6,87.9,"1,812","8,490",16.4,362,,,7.334,675.0
206,망원1동,마포구,"20,032","3,899","5,887",,596,16.0,14.7,92.0,"1,362","3,790",15.6,598,,,7.667000000000002,979.0
207,망원2동,마포구,"16,879","3,502","5,187",,443,19.5,15.0,76.8,"1,224","3,572",13.8,383,,,8.083,851.0
208,연남동,마포구,"16,317","3,360","4,733",,497,12.2,15.3,125.3,"1,150","4,543",13.7,210,,,8.083,678.0
209,성산1동,마포구,"17,037","3,254","4,855",,454,15.9,14.7,92.2,"1,579","8,483",16.5,430,,,8.167,766.0
210,성산2동,마포구,"31,455","6,849","10,038",,938,22.3,15.0,67.2,"1,660","8,608",11.9,"1,590",,,8.417,1968.0
211,상암동,마포구,"23,905","5,546","7,912",,376,31.3,13.4,42.6,"1,639","27,067",17.6,588,,,6.082999999999998,1286.0
212,충현동,서대문구,"17,340","4,335","4,836",,173,12.9,17.9,138.4,"1,613","20,424",14.1,408,,,10.417,786.0
213,천연동,서대문구,"16,082","4,549","5,297",,297,19.4,18.7,96.4,793,"2,488",14.2,535,,,10.167,850.0
214,북아현동,서대문구,"9,303","2,163","2,823",,942,13.4,16.9,126.0,674,"1,795",9.9,289,,,11.083,461.0
215,신촌동,서대문구,"15,953","3,285","4,592",,330,10.6,11.3,106.7,"3,732","30,867",19.3,496,,,6.667000000000002,549.0
216,연희동,서대문구,"33,920","8,811","10,403",,869,14.9,17.2,115.1,"2,022","9,556",11.8,611,,,10.334,1527.0
217,홍제1동,서대문구,"22,327","5,981","7,197",,781,16.7,18.4,109.8,"1,112","4,145",10.4,462,,,10.334,1072.0
218,홍제2동,서대문구,"12,813","3,841","4,093",,366,17.2,17.0,98.8,571,"1,623",14.7,343,,,9.417,626.0
219,홍제3동,서대문구,"16,656","4,485","4,618",,331,15.7,20.7,131.7,"1,207","3,835",12.2,556,,,11.667,952.0
220,홍은1동,서대문구,"21,295","6,205","5,674",,"1,212",17.3,18.8,109.0,980,"2,315",10.2,603,,,11.417,1182.0
221,홍은2동,서대문구,"24,043","6,550","5,978",,867,16.3,17.1,104.7,"1,130","5,853",13.0,784,,,10.833,1263.0
222,남가좌1동,서대문구,"3,510",875,850,,356,14.3,22.3,155.7,644,"1,179",3.1,168,,,12.917,166.0
223,남가좌2동,서대문구,"24,750","6,669","6,630",,709,16.6,18.1,109.2,"1,489","4,110",12.2,724,,,9.833,1460.0
224,북가좌1동,서대문구,"8,303","2,281","2,310",,847,21.0,14.9,70.8,461,"3,218",11.7,267,,,12.833,559.0
225,북가좌2동,서대문구,"27,616","7,066","7,787",,720,17.3,16.6,95.9,"2,225","6,278",8.0,843,,,14.583,1448.0
226,잠원동,서초구,"28,692","9,465","5,017",,617,20.6,10.2,49.8,"2,231","15,673",14.2,172,,,7.417000000000002,689.0
227,반포본동,서초구,"9,808","3,930","1,564",,200,25.8,16.5,63.8,644,"2,296",13.2,9,,,9.417,241.0
228,반포1동,서초구,"26,897","7,849","4,636",,518,19.2,9.4,49.1,"1,524","9,872",20.8,196,,,6.417000000000002,647.0
229,반포2동,서초구,"16,792","6,769","2,788",,256,26.8,13.3,49.8,405,"1,990",13.3,13,,,8.75,365.0
230,반포3동,서초구,"18,264","6,554","3,250",,391,25.1,12.2,48.6,882,"5,766",12.5,18,,,9.75,452.0
231,반포4동,서초구,"15,921","5,359","3,045",,295,21.3,11.6,54.4,"3,325","28,714",15.0,56,,,8.667,392.0
232,방배본동,서초구,"16,900","5,534","3,395",,349,20.7,13.5,65.1,"1,585","11,363",15.0,162,,,7.25,517.0
233,방배1동,서초구,"13,860","4,127","2,921",,301,15.0,13.2,87.7,"1,602","14,976",14.0,176,,,7.999,490.0
234,방배4동,서초구,"20,138","6,026","4,449",,450,18.4,13.5,73.2,"2,315","15,252",14.7,213,,,7.917000000000002,678.0
235,서초1동,서초구,"17,160","5,970","3,473",,371,16.8,12.1,72.1,"3,138","28,304",13.6,226,,,8.25,479.0
236,서초2동,서초구,"18,437","6,993","3,496",,310,19.7,12.0,60.7,"4,131","46,119",15.8,76,,,7.832999999999998,463.0
237,서초3동,서초구,"25,215","8,696","4,984",,565,13.9,13.3,95.1,"6,695","63,373",12.3,192,,,8.334,707.0
238,서초4동,서초구,"23,178","9,779","3,665",,362,24.9,12.2,48.7,"2,658","26,148",17.5,32,,,6.999,475.0
239,방배2동,서초구,"22,334","6,364","5,900",,527,14.2,13.6,95.5,"1,880","16,233",11.2,339,,,8.083,961.0
240,방배3동,서초구,"21,108","7,561","4,442",,485,14.4,13.5,93.8,"1,124","10,357",11.4,267,,,9.917,641.0
241,양재1동,서초구,"23,820","6,971","5,980",,604,20.0,13.6,67.7,"3,070","30,622",12.7,"1,537",,,8.5,1390.0
242,양재2동,서초구,"18,779","4,409","4,906",,410,16.4,10.3,62.9,"4,942","45,417",13.1,368,,,8.0,710.0
243,내곡동,서초구,"4,923","1,618",865,,235,13.4,23.3,173.5,451,"4,487",6.4,621,,,12.999,405.0
244,금호1가동,성동구,"12,953","3,306","3,978",,424,17.2,16.5,95.6,596,"1,814",15.8,544,,,,746.0
245,금호2.3가동,성동구,"16,535","4,216","4,814",,543,16.4,16.4,99.8,939,"2,427",13.7,543,,,,919.0
246,금호4가동,성동구,"11,926","2,960","3,331",,357,17.5,14.5,83.1,626,"1,971",14.2,324,,,,554.0
247,옥수동,성동구,"17,857","5,364","4,573",,511,17.7,16.5,93.4,710,"2,565",17.9,323,,,,637.0
248,응봉동,성동구,"13,609","3,880","3,841",,323,22.3,15.9,71.4,376,"1,018",10.1,189,,,,573.0
249,성수1가1동,성동구,"14,348","3,512","4,061",,364,17.2,11.8,68.7,"1,300","5,617",10.9,387,,,,695.0
250,성수1가2동,성동구,"15,289","3,759","4,788",,387,14.7,12.0,81.6,"1,749","11,166",10.2,272,,,,682.0
251,성수2가1동,성동구,"17,212","4,012","4,393",,519,13.8,12.7,91.8,"2,207","13,272",11.3,537,,,,894.0
252,성수2가3동,성동구,"10,014","2,694","2,761",,268,13.7,14.1,103.0,"4,660","42,946",10.4,154,,,,467.0
253,왕십리도선동,성동구,"10,769","2,930","2,579",,435,12.7,18.1,142.6,"1,579","8,455",12.1,563,,,,638.0
254,왕십리2동,성동구,"13,844","3,445","3,891",,384,17.1,14.6,85.5,750,"2,162",11.2,363,,,,728.0
255,행당1동,성동구,"14,467","3,960","3,742",,505,15.2,15.4,101.3,"1,352","8,227",16.2,327,,,,723.0
256,행당2동,성동구,"20,758","5,935","6,282",,434,23.4,14.2,60.8,533,"1,872",14.6,521,,,,937.0
257,마장동,성동구,"20,423","6,038","5,464",,606,16.7,14.8,88.7,"3,140","12,260",11.0,650,,,,1196.0
258,사근동,성동구,"9,265","2,272","2,560",,228,8.9,13.4,151.1,998,"10,177",12.7,170,,,,471.0
259,송정동,성동구,"10,134","2,326","2,537",,325,13.7,12.7,92.8,716,"2,581",8.5,491,,,,559.0
260,용답동,성동구,"13,934","3,059","3,766",,482,12.6,14.6,116.5,"2,019","11,464",11.9,742,,,,837.0
261,성북동,성북구,"15,914",,"4,056",,674,15.0,19.2,128.0,"1,040","5,608",11.1,370,,,10.917,683.0
262,삼선동,성북구,"22,229",,"5,924",,791,15.7,15.8,100.6,"1,893","8,666",14.8,781,,,8.667,1095.0
263,동선동,성북구,"13,668",,"3,653",,503,13.0,15.1,116.8,"1,940","7,957",18.0,336,,,7.0,623.0
264,돈암2동,성북구,"17,834",,"4,665",,356,24.9,13.9,55.9,367,"1,797",13.9,239,,,8.583,654.0
265,안암동,성북구,"14,301",,"3,661",,427,10.2,12.7,124.3,"1,310","13,520",14.1,335,,,7.917000000000002,681.0
266,보문동,성북구,"12,132",,"2,984",,454,12.4,16.2,130.4,"1,244","4,287",12.6,380,,,8.75,623.0
267,정릉1동,성북구,"15,915",,"4,518",,430,20.6,16.1,78.2,808,"1,938",13.9,345,,,8.334,744.0
268,정릉2동,성북구,"19,643",,"4,985",,603,19.4,17.3,89.0,901,"2,535",11.0,639,,,9.083,940.0
269,정릉3동,성북구,"14,648",,"3,345",,725,13.6,18.8,138.4,694,"4,427",8.8,678,,,11.5,844.0
270,정릉4동,성북구,"22,191",,"6,147",,696,20.7,16.5,79.6,837,"3,856",13.5,772,,,9.083,1022.0
271,길음1동,성북구,"27,782",,"8,383",,480,27.7,12.4,44.7,"1,116","3,328",14.2,503,,,7.5,1104.0
272,돈암1동,성북구,"13,366","3,635","4,001",,390,17.6,16.2,92.0,365,"1,395",12.1,426,,,7.75,629.0
273,길음2동,성북구,"17,014","3,941","4,605",,700,15.8,16.7,105.6,"1,100","4,255",19.8,330,,,7.082999999999998,994.0
274,종암동,성북구,"33,979","8,755","10,497",,"1,079",19.1,14.9,77.7,"2,104","7,316",13.8,"1,062",,,8.167,1639.0
275,월곡1동,성북구,"22,821","5,323","7,472",,690,21.7,15.4,71.1,"1,440","5,165",8.8,699,,,8.083,1295.0
276,월곡2동,성북구,"17,505","4,396","5,159",,500,17.3,16.3,94.5,"1,517","7,627",16.7,590,,,7.082999999999998,987.0
277,장위1동,성북구,"21,336","4,530","5,417",,634,15.8,15.8,100.0,"1,164","2,660",12.2,"1,230",,,8.417,1175.0
278,장위2동,성북구,"18,863","4,479","4,646",,632,15.2,17.4,114.2,"1,657","5,127",13.2,998,,,8.75,1036.0
279,장위3동,성북구,"15,608","3,862","4,085",,564,16.5,17.7,106.7,"1,233","4,548",12.4,618,,,8.75,946.0
280,석관동,성북구,"31,271","7,449","8,658",,"1,071",15.1,16.2,107.1,"2,331","7,042",11.5,"1,055",,,7.917000000000002,1793.0
281,풍납1동,송파구,"15,802","3,646","4,288",,457,14.6,13.7,94.1,813,"2,320",11.6,451,,,10.167,779.0
282,풍납2동,송파구,"22,736","6,010","6,429",,119,19.1,11.1,58.1,"1,210","14,637",11.6,393,,,9.917,888.0
283,방이1동,송파구,"13,136","4,038","3,357",,231,17.8,10.2,57.5,"1,290","8,988",15.7,175,,,7.334,488.0
284,방이2동,송파구,"21,322","4,461","5,551",,468,13.3,10.3,77.0,"2,849","21,109",16.5,390,,,7.582999999999998,880.0
285,오륜동,송파구,"15,015","6,694","2,858",,203,20.4,9.3,45.7,521,"4,111",7.3,5,,,13.5,355.0
286,송파1동,송파구,"22,107","5,093","5,995",,463,14.6,10.1,69.6,"2,467","11,042",11.8,337,,,8.75,739.0
287,송파2동,송파구,"16,960","5,562","4,284",,330,17.9,10.0,55.6,893,"4,614",13.7,234,,,8.5,603.0
288,잠실4동,송파구,"24,293","9,000","5,865",,361,23.7,11.1,46.8,473,"1,890",14.8,25,,,8.5,713.0
289,잠실6동,송파구,"13,670","5,030","2,656",,523,18.5,13.0,70.3,"1,971","26,355",10.9,19,,,9.999,374.0
290,거여1동,송파구,"12,274","3,825","3,139",,294,19.2,11.9,62.2,788,"2,665",12.7,373,,,9.999,633.0
291,거여2동,송파구,"22,177","6,242","5,798",,704,20.8,13.6,65.6,"1,243","4,283",10.7,541,,,10.417,1294.0
292,마천1동,송파구,"19,090","4,843","5,003",,623,19.6,15.3,78.4,923,"2,106",8.8,"1,021",,,10.917,1207.0
293,마천2동,송파구,"18,142","4,678","4,670",,582,16.1,15.1,93.4,"1,365","4,128",10.5,890,,,10.334,1137.0
294,오금동,송파구,"30,549","9,364","7,580",,726,16.3,11.7,71.7,"3,211","15,708",10.9,599,,,12.417,1263.0
295,가락본동,송파구,"23,368","6,670","6,086",,484,15.7,9.5,60.5,"3,451","29,940",17.0,276,,,7.5,818.0
296,가락2동,송파구,"27,049","8,728","7,299",,419,20.9,8.9,42.5,"1,871","9,247",14.0,311,,,8.083,940.0
297,문정1동,송파구,"17,961","5,700","4,467",,319,15.9,9.9,62.3,"1,425","7,913",13.3,193,,,7.667000000000002,634.0
298,장지동,송파구,"28,385","7,275","8,381",,592,21.8,10.5,48.1,"1,465","10,267",13.9,916,,,8.833,1572.0
299,석촌동,송파구,"28,608","5,435","8,438",,550,15.0,10.4,68.9,"2,801","14,862",14.4,622,,,8.0,1119.0
300,삼전동,송파구,"28,422","5,297","8,252",,529,15.0,8.9,59.3,"2,035","10,220",15.5,688,,,8.083,1016.0
301,가락1동,송파구,"12,385","2,813","3,629",,199,10.6,13.2,124.1,"3,432","10,371",4.0,2,,,12.75,254.0
302,문정2동,송파구,"13,009","5,674","2,492",,293,15.8,17.4,110.2,"2,044","10,279",22.7,42,,,5.334,373.0
303,잠실본동,송파구,"24,971","5,126","6,781",,550,13.1,9.5,72.7,"3,150","17,312",17.1,464,,,7.417000000000002,902.0
304,잠실2동,송파구,"26,400","8,691","7,032",,256,31.3,8.5,27.0,713,"3,534",27.1,14,,,6.167000000000002,640.0
305,잠실3동,송파구,"28,996","11,403","6,574",,199,21.2,11.8,55.4,"1,167","8,329",18.2,28,,,8.0,783.0
306,잠실7동,송파구,"8,426","3,977","1,496",,453,19.5,18.0,92.3,200,970,14.5,4,,,10.833,211.0
307,목1동,양천구,"23,861","7,690","6,804",,331,24.3,8.2,33.6,"2,543","21,035",17.4,180,,,6.582999999999998,726.0
308,목2동,양천구,"24,944","6,045","7,375",,575,16.1,10.8,67.3,"1,174","3,613",14.8,523,,,9.25,1020.0
309,목3동,양천구,"18,743","4,620","5,213",,572,14.6,11.8,80.6,"1,241","3,535",16.0,646,,,8.25,920.0
310,목4동,양천구,"21,006","5,086","6,133",,414,20.2,9.9,48.8,"1,365","3,931",14.9,500,,,8.083,910.0
311,목5동,양천구,"32,501","12,059","8,850",,521,24.3,8.4,34.5,"1,452","8,977",16.6,13,,,6.917000000000002,781.0
312,신정1동,양천구,"15,102","4,904","4,346",,294,23.1,10.6,45.9,"1,131","4,600",13.7,222,,,8.417,508.0
313,신정2동,양천구,"16,674","4,612","5,179",,357,19.2,10.3,53.8,"1,121","3,727",13.6,426,,,7.832999999999998,794.0
314,신정6동,양천구,"19,398","6,726","5,842",,266,22.8,8.2,36.0,693,"5,128",18.2,19,,,7.667000000000002,537.0
315,신정7동,양천구,"25,346","7,470","7,544",,714,18.4,13.2,71.8,"1,010","4,457",13.6,"1,120",,,9.083,1388.0
316,신월1동,양천구,"20,072","4,590","4,593",,599,15.1,12.7,84.0,"1,815","5,352",12.2,"1,135",,,9.334,1280.0
317,신월2동,양천구,"16,319","4,640","3,806",,398,18.1,13.7,75.7,"1,104","3,669",8.5,567,,,11.25,972.0
318,신월3동,양천구,"14,785","3,213","3,175",,548,14.5,13.9,95.7,986,"3,917",11.7,"1,036",,,9.417,933.0
319,신월4동,양천구,"14,932","4,398","3,944",,337,20.9,12.6,60.2,"1,130","3,645",11.5,267,,,11.25,849.0
320,신월5동,양천구,"12,630","3,177","3,202",,318,17.7,12.4,70.1,"1,005","3,585",10.0,456,,,9.083,748.0
321,신월6동,양천구,"10,726","2,883","2,409",,312,14.4,13.2,91.4,"1,591","3,322",2.6,157,,,18.583,582.0
322,신월7동,양천구,"20,108","5,309","5,039",,541,18.4,14.3,77.7,"1,400","5,793",12.1,656,,,10.25,1116.0
323,신정3동,양천구,"43,112","11,516","11,818",,"1,018",23.1,12.0,51.7,"1,954","7,788",9.7,"1,440",,,10.75,2382.0
324,신정4동,양천구,"30,519","7,553","7,929",,746,14.7,12.9,87.4,"3,035","12,728",14.9,943,,,7.917000000000002,1660.0
325,영등포본동,영등포구,"20,648","5,160","6,096",,682,15.2,13.0,85.3,"1,137","4,122",16.3,653,,,8.083,0.0
326,영등포동,영등포구,"16,601","3,963","4,017",,920,10.1,16.1,159.6,"6,215","34,074",11.8,"1,089",,,10.083,0.0
327,당산1동,영등포구,"17,699","4,509","5,406",,567,14.5,15.4,106.3,"3,146","18,431",12.8,336,,,8.667,0.0
328,당산2동,영등포구,"27,636","8,088","8,391",,503,17.1,12.8,74.8,"2,152","16,306",14.0,144,,,7.917000000000002,0.0
329,도림동,영등포구,"15,806","3,439","4,523",,540,11.7,13.4,114.7,979,"2,812",9.5,506,,,8.75,0.0
330,문래동,영등포구,"25,544","7,443","8,425",,621,22.6,14.0,61.9,"4,956","36,952",8.1,202,,,10.917,0.0
331,양평1동,영등포구,"14,031","3,403","4,576",,407,18.3,14.1,77.3,"3,293","22,350",6.5,216,,,10.667,0.0
332,양평2동,영등포구,"17,302","4,493","5,655",,333,20.1,11.0,54.6,"1,896","18,182",13.2,164,,,9.083,0.0
333,신길3동,영등포구,"13,975","3,469","3,872",,497,15.9,15.2,95.5,"1,049","2,560",9.6,616,,,9.833,0.0
334,여의동,영등포구,"27,284","10,603","6,029",,726,19.6,18.7,95.4,"7,544","144,894",15.4,64,,,9.083,0.0
335,신길1동,영등포구,"17,679","3,876","5,144",,710,11.6,15.3,131.8,"1,222","4,110",10.9,650,,,9.167,0.0
336,신길4동,영등포구,"10,703","2,523","3,217",,453,12.8,15.8,122.9,610,"1,928",10.2,494,,,9.833,0.0
337,신길5동,영등포구,"13,962","3,129","3,987",,510,12.3,14.1,114.5,665,"2,300",8.9,466,,,9.417,0.0
338,신길6동,영등포구,"19,199","4,555","5,941",,635,15.0,14.3,95.1,"1,191","3,592",10.9,349,,,8.917,0.0
339,신길7동,영등포구,"12,154","3,602","3,522",,278,18.4,11.7,63.9,631,"3,306",13.6,108,,,8.583,0.0
340,대림1동,영등포구,"13,939","2,956","4,165",,503,11.9,13.9,117.2,"1,214","5,240",12.4,466,,,7.917000000000002,0.0
341,대림2동,영등포구,"14,977","2,972","4,496",,592,10.3,12.2,118.9,"1,358","4,965",16.6,422,,,7.417000000000002,0.0
342,대림3동,영등포구,"23,399","5,335","7,647",,550,14.1,11.7,82.9,"2,899","9,554",11.2,571,,,9.417,0.0
343,후암동,용산구,"16,261","3,551","4,477",,728,15.9,16.9,106.4,802,"5,240",11.6,678,,,10.75,934.0
344,용산2가동,용산구,"10,926","2,529","2,759",,476,13.9,17.2,123.9,484,"2,783",10.1,413,,,11.917,581.0
345,남영동,용산구,"6,925","1,315","1,643",,577,7.7,19.3,250.7,"1,466","15,775",13.4,"1,104",,,9.334,571.0
346,청파동,용산구,"19,661","3,918","5,265",,434,12.5,14.9,118.8,"1,813","9,725",12.9,651,,,10.167,926.0
347,원효로1동,용산구,"10,415","2,593","2,955",,762,16.4,14.7,89.3,"1,695","7,383",11.9,222,,,8.334,463.0
348,원효로2동,용산구,"12,430","3,541","3,502",,705,19.6,16.8,85.6,"1,173","6,786",11.1,322,,,8.999,548.0
349,효창동,용산구,"9,053","2,462","2,545",,346,18.2,17.0,93.5,499,"2,577",10.8,138,,,10.083,409.0
350,용문동,용산구,"10,627","2,887","3,116",,371,19.1,16.7,87.5,666,"1,662",11.6,246,,,8.417,482.0
351,한강로동,용산구,"13,392","4,101","2,497",,430,13.2,19.6,148.8,"5,172","33,316",12.6,269,,,7.832999999999998,642.0
352,이촌1동,용산구,"20,761","8,149","3,687",,258,27.9,17.4,62.6,815,"3,553",12.6,37,,,10.583,552.0
353,이촌2동,용산구,"8,691","2,629","2,361",,297,16.7,20.3,121.9,345,813,3.2,94,,,12.917,410.0
354,이태원1동,용산구,"7,484","1,858","1,330",,660,11.7,18.9,161.8,"1,625","7,153",14.6,157,,,8.167,306.0
355,이태원2동,용산구,"9,511","2,410","2,272",,583,13.7,20.9,152.6,557,"2,046",15.1,168,,,10.0,451.0
356,한남동,용산구,"20,701","4,764","4,023",,614,12.8,15.8,123.3,"1,703","15,694",15.9,441,,,8.25,798.0
357,서빙고동,용산구,"11,176","4,178","1,958",,366,20.7,18.4,88.9,383,"4,161",8.1,173,,,11.667,422.0
358,보광동,용산구,"15,008","3,497","3,349",,327,12.5,16.7,134.3,806,"1,774",11.2,599,,,10.0,730.0
359,녹번동,은평구,"27,464","5,604","6,682",,"1,093",15.7,17.7,112.9,"1,500","7,024",14.7,888,,,7.999,1404.0
360,응암1동,은평구,"25,129","4,970","6,237",,861,20.3,16.1,79.4,"2,115","7,517",11.1,689,,,11.0,1350.0
361,응암2동,은평구,"18,754","3,749","4,269",,725,19.2,16.4,85.3,804,"2,180",13.1,681,,,9.75,1088.0
362,응암3동,은평구,"22,537","4,272","5,065",,935,15.1,18.5,121.9,"1,892","4,906",12.7,"1,252",,,8.833,1270.0
363,증산동,은평구,"17,111","3,876","4,482",,515,17.4,16.5,95.2,"1,127","3,917",14.3,502,,,9.083,886.0
364,수색동,은평구,"16,381","3,931","4,085",,697,15.4,18.4,119.6,859,"2,550",8.6,682,,,10.167,1011.0
365,신사1동,은평구,"22,293","4,699","5,979",,544,17.2,14.7,85.6,"1,208","3,569",11.9,704,,,8.334,1161.0
366,신사2동,은평구,"18,338","3,810","4,741",,536,18.2,14.6,80.3,858,"2,707",12.5,765,,,9.167,954.0
367,갈현2동,은평구,"22,210","6,120",,"5,596",596,17.3,14.1,81.5,"1,535","5,927",17.9,"1,002",,,7.5,1055.0
368,구산동,은평구,"26,754","7,315",,"6,225",677,17.3,16.3,94.3,"1,153","5,491",11.3,962,,,9.0,2409.0
369,갈현1동,은평구,"21,277","5,398",,"5,524",755,15.0,15.7,104.6,"1,513","5,562",17.5,"1,293",,,7.082999999999998,1104.0
370,진관동,은평구,"34,756","11,096",,"10,704",576,30.3,14.9,49.0,885,"4,228",21.6,716,,,5.582999999999998,1819.0
371,불광1동,은평구,"33,475","9,228",,"9,430","1,108",18.2,16.5,91.0,"1,611","6,304",17.6,"1,064",,,7.75,1583.0
372,불광2동,은평구,"25,285","6,442",,"6,094","1,102",13.9,17.9,128.9,"1,330","3,919",14.5,"1,405",,,9.334,1461.0
373,대조동,은평구,"25,591","6,268",,"6,560",949,15.8,16.8,106.5,"2,559","7,450",14.9,"1,222",,,7.667000000000002,1332.0
374,역촌동,은평구,"38,494","8,958",,"10,107","1,047",18.0,14.8,82.1,"2,376","7,421",14.6,"1,506",,,7.582999999999998,2018.0
375,청운효자동,종로구,"11,696","3,355","3,712",,455,20.0,19.0,94.9,794,"5,234",8.8,188,,,11.667,630.0
376,사직동,종로구,"8,499","2,806","2,119",,378,15.4,21.0,136.3,"3,437","45,313",11.7,102,,,9.833,358.0
377,삼청동,종로구,"2,831",902,755,,175,14.3,24.8,173.0,611,"4,646",17.3,50,,,9.833,134.0
378,부암동,종로구,"9,022","2,624","2,539",,314,15.8,19.5,123.2,502,"3,432",11.4,140,,,11.25,367.0
379,평창동,종로구,"15,744","5,596","3,746",,486,15.9,18.4,115.5,636,"2,499",15.3,124,,,9.917,611.0
380,무악동,종로구,"6,628","1,995","2,106",,238,21.3,18.8,88.2,610,"1,489",5.1,129,,,10.833,326.0
381,교남동,종로구,"7,552","1,654","2,085",,386,13.9,21.1,152.4,550,"4,477",7.6,136,,,12.583,426.0
382,가회동,종로구,"4,575","1,306","1,336",,205,15.2,21.6,141.9,547,"9,661",11.3,47,,,10.667,204.0
383,종로1.2.3.4가동,종로구,"7,318","1,794","1,618",,757,7.6,24.3,318.5,"15,825","92,396",9.1,563,,,10.833,436.0
384,종로5·6가동,종로구,"5,245","1,186","1,412",,331,10.1,19.6,193.4,"7,492","24,594",10.2,228,,,,
385,이화동,종로구,"7,830","1,613","2,448",,286,11.7,14.8,126.2,"1,077","13,368",13.3,184,,,9.334,346.0
386,혜화동,종로구,"9,995","2,705","3,227",,519,11.9,14.9,125.3,"1,670","9,144",17.2,218,,,8.334,631.0
387,명륜3가동,종로구,"5,464","1,125","1,944",,,,,,,,,,,,,
388,창신1동,종로구,"5,794","1,095","1,719",,376,10.0,16.4,164.1,"2,257","5,799",11.0,332,,,9.583,350.0
389,창신2동,종로구,"9,488","1,572","3,225",,394,11.5,15.6,135.2,860,"2,055",10.6,380,,,9.25,588.0
390,창신3동,종로구,"6,726","1,507","2,308",,198,17.4,15.4,88.5,274,728,9.1,183,,,8.917,366.0
391,숭인1동,종로구,"6,099","1,247","1,864",,255,14.5,15.6,107.5,530,"1,744",13.8,210,,,8.167,314.0
392,숭인2동,종로구,"8,007","1,599","2,319",,501,10.3,19.1,184.6,"1,814","6,278",10.8,303,,,8.917,508.0
393,소공동,중구,"1,142",273,309,,171,13.5,12.0,88.9,"3,688","61,763",8.9,16,,,11.334,47.0
394,회현동,중구,"5,212","1,321","1,027",,212,8.8,24.6,278.9,"9,676","50,265",6.5,486,,,10.083,391.0
395,명동,중구,"3,080",756,730,,323,8.0,19.5,244.2,"7,194","112,011",10.8,57,,,10.083,142.0
396,필동,중구,"4,035","1,011","1,042",,54,10.6,18.8,177.1,"3,261","24,463",5.7,94,,,9.334,196.0
397,장충동,중구,"4,799","1,100","1,317",,190,10.6,14.9,140.3,864,"8,835",8.0,94,,,11.0,228.0
398,광희동,중구,"5,082","1,351","1,090",,468,8.5,18.7,220.2,"10,151","38,188",9.2,122,,,8.917,272.0
399,을지로동,중구,"1,861",483,319,,448,7.8,27.0,345.8,"9,689","27,060",6.5,84,,,11.75,118.0
400,신당1동,중구,"6,836","1,506","1,702",,402,9.6,14.7,153.3,"11,868","26,506",12.1,,,,5.917000000000002,427.0
401,신당2동,중구,"13,745","3,061","3,865",,210,13.7,16.6,121.2,"1,175","9,590",11.9,,,,9.667,733.0
402,신당3동,중구,"16,086","4,391","4,553",,362,17.0,19.2,113.1,821,"3,008",9.6,,,,9.583,955.0
403,신당4동,중구,"12,792","3,577","3,775",,478,17.5,17.9,102.5,703,"3,535",8.5,,,,10.083,684.0
404,신당5동,중구,"8,346","1,867","2,418",,665,15.4,16.6,107.8,"1,064","3,198",12.9,266,,,8.583,511.0
405,신당6동,중구,"9,301","2,622","2,653",,506,17.6,15.3,86.6,882,"3,590",17.7,,,,8.0,448.0
406,황학동,중구,"10,553","2,450","2,743",,365,12.8,15.1,118.2,"1,985","5,951",7.4,381,,,10.167,587.0
407,중림동,중구,"10,370","2,495","2,972",,244,14.1,19.7,139.6,"1,286","8,674",10.0,431,,,10.5,557.0
408,면목본동,중랑구,"30,294","3,478","6,225",,935,13.8,13.7,99.2,"2,421","6,636",13.9,"1,423",,,7.832999999999998,1794.0
409,면목2동,중랑구,"22,750","2,695","4,577",,717,16.0,13.8,86.4,"2,027","6,030",13.6,937,,,8.25,1326.0
410,면목3.8동,중랑구,"24,415","2,735","5,191",,821,13.5,15.1,111.6,"2,986","8,174",11.6,"1,107",,,9.417,1357.0
411,면목4동,중랑구,"18,766","2,283","3,880",,692,15.3,14.5,94.9,"1,065","3,433",11.6,"1,110",,,8.417,1388.0
412,면목5동,중랑구,"11,646","1,234","2,542",,363,15.4,14.4,93.6,"1,040","3,596",12.9,407,,,8.5,715.0
413,면목7동,중랑구,"21,400","2,437","4,537",,605,14.6,14.4,99.1,"1,469","3,786",11.7,649,,,8.667,1102.0
414,상봉2동,중랑구,"15,945","2,236","3,190",,601,11.1,14.7,132.6,"2,188","9,848",14.1,568,,,7.334,913.0
415,망우3동,중랑구,"15,720","2,007","3,004",,527,15.3,14.6,95.5,"1,091","3,655",15.2,"1,084",,,8.083,925.0
416,상봉1동,중랑구,"19,779","4,512","4,858",,500,18.8,12.8,68.5,962,"5,306",12.2,"1,174",,,8.667,1430.0
417,중화1동,중랑구,"17,247","3,902","4,338",,429,16.3,12.9,79.5,"1,088","4,125",12.8,488,,,8.334,913.0
418,중화2동,중랑구,"26,137","4,909","5,468",,"1,121",11.3,15.4,136.1,"2,295","7,560",14.3,"1,332",,,8.334,1651.0
419,묵1동,중랑구,"28,508","6,999","6,981",,643,17.3,13.9,80.3,"1,478","5,736",16.6,646,,,8.167,1419.0
420,묵2동,중랑구,"16,465","3,577","3,795",,551,15.4,15.0,97.4,"1,774","5,399",12.3,609,,,8.833,955.0
421,망우본동,중랑구,"27,857","6,801","5,666",,"1,099",14.2,14.7,103.6,"2,787","10,966",15.0,"1,265",,,8.0,1826.0
422,신내1동,중랑구,"24,872","6,547","6,560",,438,19.3,14.1,72.9,"1,528","6,806",13.8,863,,,8.75,1384.0
423,신내2동,중랑구,"19,575","4,821","5,452",,546,20.4,13.8,67.3,"1,090","5,557",13.7,"1,041",,,7.667000000000002,1465.0
